"","CSA.FC12_VMT","CSA.FC3_VMT","CSA.FC4_VMT","CSA.EmpOff_SQ","CSA.EmpInd_SQ","CSA.EmpSer_SQ","CSA.ActEnt","CSA..Intercept."
"1",0.000117796808022336,0.00292997194119024,0.0142711069157814,-0.00341579227034504,0.00033794802931983,-0.0137648213053322,-0.012970392971586,0.0579673947838444
"2",6.25639441558473e-05,-0.00112210567351752,0.00450173555890292,0.00389273286394582,-3.04672244290306e-05,4.60208795405472e-05,-0.0114817940804959,-0.447675605521227
"4",-0.0026363880339263,0.000787332499531554,-0.0677560369833342,0.0189162909891223,0.00221796225423029,0.0085222038516876,0.00722153224388934,0.0461279442121045
"5",0.000568789722147111,-0.00225075713426048,-0.0113465441682596,-0.00849404472337399,-0.00627169757425581,-0.0283984750306958,-0.0149744430734637,0.00194824249571599
"6",-0.00435379505887812,0.00428031860568675,0.0651598587783348,-0.00423056707986631,0.0092606804646403,0.00367381776778409,0.00574598035171354,0.399929011354642
"8",-0.000638904453741502,-0.00318261718323337,-0.0286227080401265,-0.0107325507929535,-0.00362170749114873,-0.0225866054377974,-0.00504230697247157,-0.202997363247324
"10",0.000156773811302296,0.00285688094613763,-0.00246812913313333,0.00450281540341174,-0.000599745742637814,-0.00203189299823684,0.00443884785463784,0.313617210164651
"12",-0.00810103938288081,0.00151733384953331,0.0407134935861293,-0.00205230644495298,0.00551069584407902,0.0292721335963723,0.014389375251468,0.39541657061698
"13",-0.00294641508535028,0.00454883718105465,0.0241523929006892,0.0134996616720099,0.00440471066475553,0.0251163870964481,0.00594152049481065,-0.00982328967319352
"15",-0.00673462627913911,0.0123099662707274,0.0165331826280751,0.00714485118660882,0.00513622467156392,0.00438971557628313,0.0128736736269327,0.25716841972843
"16",-0.000232668727798826,-0.000374749985841604,-0.00511187416715515,-0.0029539364643343,-0.00180035297213016,-0.00857181942015266,-0.00259461330210765,-0.136318097114086
"17",-0.000227964927843478,0.00253531219500426,-0.0118989084459682,0.00973436285575323,0.00302767548342045,0.0247836298108769,0.00476992728428058,0.0285443672752966
"18",0.000214196201464494,-0.00181434221257462,-0.0275539076111285,-0.00843868252912653,-0.00687033697911317,-0.023383630733808,-0.0134565199413037,-0.237846915908092
"19",-4.89018298099091e-05,-0.0032253153099562,-0.0250145375037863,-0.00157692067853758,-0.00283848198793495,-0.0127110446415478,-0.00983643208748704,-0.431453981664392
"20",0.00102421890530442,-0.000404568870955125,-0.00199787205746587,0.00793866397640561,0.00174944947239028,0.00660415491820089,-0.00360787484281481,-0.114424702946583
"21",-0.000949973740673854,-0.000160945673479537,0.0355966937140279,-0.00217467228922298,0.00327463079356207,0.0121833211919511,0.00406657618514056,-0.078511565612505
"22",0.00345610022362975,0.00210922603275864,0.0646299520895131,-0.00244895235162029,0.016095227864084,0.00746223557789049,0.00942457563176757,0.102345772476183
"23",-0.000639655778243097,0.00126246307392347,0.00612125591574133,6.91457491812046e-07,-0.000442191668001715,0.00428716642143434,-0.0018232193876864,-0.118109018194313
"24",0.00056928179744381,0.000889582671288362,0.0134975434058185,0.00276398919088735,0.000192529191234584,0.0256653968190443,0.00177068315538639,0.0643396341315257
"25",0.000147661708519828,-2.58487581429331e-05,-0.0081920175807617,-0.00159464409642759,-0.000261824998438071,-0.00532226385089027,-0.00102805569777644,-0.0667964863598268
"26",0.00074641384623678,9.33283158751896e-05,-0.0048743476844343,-0.00757422510292542,-0.00216388777853895,-0.00672316327669872,0.00233783379688781,-0.301906687622582
"27",0.000114364131581332,-0.00025776472469918,-0.00590012392326425,-0.000470425255386853,0.0020232777899963,-0.00461899263199452,-0.0085903249309759,-0.185610561391782
"28",0.00347882303517785,0.00275268161773455,0.00966456524054812,-0.0088480280526709,-0.00201657360103998,-0.0191750706330204,-0.00584595622670034,0.0765117445150279
"29",-2.48781426984517e-05,-0.000357500518033111,-0.012294349465696,-0.00248437255953357,0.00387219508007688,0.0551284189899317,-0.000445531487977404,-0.069730552710595
"30",0.000825026602021788,-0.000773924094318124,0.00817658787615378,-0.00157481104175682,-0.000907626500491803,0.00930958245034321,-0.0038406883249629,-0.190307211179632
"31",-0.000510144870436544,-0.000682713795385779,0.00194820167625462,0.0199225581540461,0.00207848376450976,0.0343240538989205,-0.00786369428563417,-0.257917178657692
"32",1.53741564737543e-05,0.000106614810859007,-0.00195500731332095,0.000531350082783927,4.02232235971333e-05,0.000876576102222815,0.00202237996450243,0.0454819357234413
"33",-0.000408979648626733,-0.000671546132668352,-0.00503273752380594,-0.00355364484869999,-0.000475952773956177,-0.0103555061031877,-0.00579534425879976,-0.185775808177463
"35",0.00240629555090815,0.00297121690830846,0.00985650191218159,-0.003474924397219,-0.00571228387263007,-0.0133990066060842,0.0153768935454883,0.374136682219187
"36",-0.00121414617872016,0.00125043076071238,-0.0190353953800093,-0.00170901686736136,7.1434785463959e-05,-0.00443198912118344,-0.00150801422450421,-0.170772166742928
"37",-0.00136921704892518,0.00464018041644511,0.0304833838801363,-0.00148881350385804,0.000992641364348721,0.00275724003928455,-0.00105647481912357,0.0565847327819751
"38",8.34605910502409e-05,0.000731758138422559,0.00465368741917098,0.00411072302515282,0.00503562864944665,0.00343561818499759,-0.00685215425319213,-0.25207069239692
"39",0.000980746853676291,0.000541954175590379,0.00403045691296937,0.00174096468018777,0.00403842934794883,0.00255525617910933,-0.00332801485914697,-0.13128367176072
"40",0.00109526209494068,-0.00199616147028232,-0.00795118953607617,-0.00393418891603732,0.00497290563234634,-0.0141866985197948,0.000740736752209343,-0.0665253544954719
"41",0.00355799223999883,-0.000133584001755786,0.0720225886540317,0.00785419741636645,0.00159568786909221,0.0394229621669051,0.00306559403726573,0.245775715462041
"42",0.002112777332634,-0.00215118960147378,0.0680987276047722,0.0114482115664042,0.0062716484772631,0.00779816129063033,0.00400024302765184,0.0276017286619426
"45",0.00246151899726359,0.00527388925104838,0.010204052001689,0.00938614038736145,0.00178070655418252,0.0184842397037062,0.0154105124076272,0.458258578856616
"46",-0.000228842657328344,-9.96108678952872e-05,-0.0228013585437215,-0.00859810970793906,-0.00151837094711669,-0.0134010665548139,-0.00763733454218678,-0.160059574679803
"47",-0.00123925065354578,-0.000109000064921625,0.0509878015670299,0.016283823771078,0.00118905125691564,0.0287027461469953,-0.000623102606398436,-0.274929514993903
"48",0.00798314880792517,-0.000235803839059294,-0.0241834247014909,-0.00527075722103309,-0.0032767514753747,0.00683320955971088,-0.0114306071790847,0.317262113899464
"49",-0.000383364982098316,-0.000336030731990461,-0.00935593223100895,-0.00245871583246101,-0.0011429816407835,-0.00458016996067596,-0.00472830640461754,-0.349906228245606
"50",-0.00108836246825252,-0.000936121310784789,-0.00175273272767814,0.0180534806747097,-0.000750161871856853,0.00720643917326627,-0.00734413295937007,-0.187030016458886
"51",-0.00315491818283025,-0.00479554965441929,0.0245789694417349,0.0157390927885662,-0.00862802102862987,0.00480198616395197,0.0016700075482651,-0.0415286218161838
"53",-0.000377398653073153,6.22354048554969e-05,-0.0311965645201396,0.00766428195536037,0.00204843359102005,0.0112220907917556,0.00414208650601627,0.0883187699860954
"54",0.00376518795686225,-0.000226686793983008,0.0570572723792404,0.000555924581415673,0.0043856289321622,0.00806524121275017,0.00101210299647128,-0.00707624437324829
"55",-0.00119566268379876,-0.00227213673961652,-0.0258557818897933,-0.010656442513585,-0.00744173471106516,-0.0293907245975228,-0.0127231394445461,-0.364629583566296
"56",-0.000239922596636426,0.000238989985166801,-0.00896438017889644,-0.00285667117390371,-0.00107928277835664,-0.00770574435034848,-0.00792625211479176,-0.0847125200336999
"104",0.00248147808438943,-5.88048085403137e-05,-0.00979272248651362,0.000668705093889598,-0.00218678424503547,-0.00282525560605262,-0.00313631311362991,-0.250471288915213
"106",0.00337992919214686,0.000289839166877424,-0.00238931083468587,0.00626023108745807,0.00449959912789857,0.0156623985258218,0.019088933221948,-0.00272719075394147
"108",0.000474528382129671,0.000148034100528935,-0.00147917014094723,0.000472403729705834,0.00223837198582464,-0.00120063993086332,0.00592721126773739,0.291042549341053
"118",-0.00143395351565972,-0.00114762278331803,-0.0154591809642596,-0.00711105344100583,-0.00393773377148747,-0.0095899434176623,-0.0138798327123036,-0.339307278681606
"120",0.00147754986384442,-0.00204181324314351,0.00754171834603295,-0.00136310617340717,-0.000478505921657034,-0.008405214546935,0.00485415879717709,-0.021915197379553
"122",0.00560524878811844,-0.000486872409483671,0.0480792076215126,0.00592999144157213,0.00504849381400185,0.0443814098159537,0.01405708662339,0.0515304019944838
"140",0,0.000104679287763335,-0.00452428639960677,0.000253349315761799,6.27874870961865e-07,-0.000819633112998163,-0.00333920136112553,-0.154811271667099
"142",0.000243741108028846,-0.00563512742394127,0.0132023830665867,0.000510899782346275,-0.000923814424733767,-0.00155077188529711,0.0062269995387322,0.0571702195507661
"144",-0.000114965021457352,0.000749823319648419,-0.00622831739398602,0.00250854717499241,0.00113719865953867,-0.00248309455942576,0.00203932945633299,0.0451519482365721
"145",-0.00017876459701927,-4.12124489678638e-05,-0.000425011989588408,-0.00107427360254109,-0.000232916069514847,-0.00143101419434164,-0.000721224945501941,-0.0446772540284951
"146",-0.000991339986259897,-0.00173473219352741,0.00133839458061105,-0.00237534445603705,-0.00018362654601057,-0.00153105282577578,-0.00100230105383277,0.0351846855127928
"147",0.000225021251329632,-0.00159442636028948,-0.00747423575633916,-0.000119175745049882,0.00281462253778838,-0.00796772978906767,-0.00637335601500205,-0.350815056806721
"148",0.0024493471574683,0.00214409743656296,0.0588924648811731,-0.00193202135882913,0.00413465887183798,0.00713835188288593,-0.0105804987039643,-0.116126773221617
"150",-0.00166544710559132,-0.00158625396179071,-0.0144614282578373,-0.00505584140452162,-0.0041450522894961,-0.0095549740574585,-0.00894597884005816,-0.105080342505793
"154",-2.34832534522563e-06,-0.00015050078400846,-0.00652687049783657,-0.00499753529864485,-0.00269453972567168,-0.00977890917517046,0.00127482558134358,0.155761378366627
"160",0.000425393758597754,0.00677776741369047,0.0343817851427269,0.0266007827153014,0.00391779882633468,0.0268843867218476,0.00988968464034239,0.0500575502471063
"162",0.0014813707579065,-0.00183827008083772,-0.0243600402743604,-0.000914409570538518,0.000882658662194534,0.011740403262677,0.00523814400299311,0.4278871643267
"164",0.000439594395968426,-0.000144350979329753,-0.00173317463207161,-0.000293158451115638,0.000370409782771954,-0.0005308353516831,0.000109829921932624,0.0581848049628589
"168",-0.000679507491906047,-0.00135758566246846,-0.0165710844734836,-0.00625117560303314,-0.00438906235709507,-0.0175216214212991,-0.00273225628236237,-0.199068417186305
"170",0.00283845646310924,-0.00221565516615108,0.050931235841166,-0.00158233378108548,0.00136994031998011,0.00669165415225717,-5.70012888215211e-05,-0.0135686888156005
"172",-0.00106601145084775,-0.000489183619384605,0.0346227197650127,0.0109329984469183,0.00976124773350737,0.0178254198179569,0.00842630494344301,-0.172353857243313
"174",0.000462020352059045,-0.00205847491159469,-0.0174853933041916,-0.00543929596246642,-0.00244812875300389,-0.0094476454457395,0.000866984177393306,0.0439966571094533
"176",-0.00436161679390893,0.00231483887234768,-0.0459729974445099,0.00284350797430219,-0.00465234949167903,-0.00521640400517347,0.003181394645875,-0.0720427055354474
"178",-0.0042313430381497,0.00143701437589084,-0.0078679608645552,0.00122503776264545,-0.000453374569918166,0.00271981131876417,-0.00262670078377733,-0.0600676755310731
"184",-0.00265861574239804,-0.00237709360574855,-0.0212262913529465,-0.012243883962614,-0.00894050445197317,-0.0275635657962384,-0.0112191304501039,-0.350743656404265
"185",0,0.000490587833139558,-0.000906651389251331,-0.00060931308779722,0.000192198486178516,-0.00187276724318503,0.00313544200848353,0.215596259895472
"188",-6.06504482465082e-06,-0.000426850298517874,-0.000318637850239092,-0.000293382632628567,-0.000789161595667354,-0.00142299269920755,-0.00440802866331675,-0.17974685037521
"190",-0.000543553716252002,-0.000206300928545948,-0.0198091268426033,-0.00026522385029114,-0.00153544568575047,-0.00453895901492278,-0.00592628435298086,-0.252925146382987
"192",0.00192652226341096,0.00135178367173728,0.00322312905445893,0.00397406734916306,0.00513279128993568,0.00692271346493931,0.00764625552264807,0.463359358298016
"194",0.000222250824124711,0.00345866589279798,0.00469789163053793,-0.000454310440546522,0.00507764120821786,0.00727315242103507,0.00313687831691871,0.303935195508611
"198",0.000877753550721735,0.00531853575662807,-0.0117257299971361,-0.00323328865341184,0.00548317325828579,0.011732347218068,-0.00660295310217385,-0.17028572669816
"200",-0.000130293224396185,-0.000425285772493664,-0.0143509861845824,-0.00275101740433811,-0.000972800521023302,-0.00600551121923363,-0.00491192568780394,-0.148360230235825
"204",0.00302687343127348,-0.00030134533224537,0.0647765472806871,0.00854786347944328,0.00253163426448685,-0.00229337657665309,0.0155059539620797,0.363807199452479
"206",0.00216469238158332,-0.0072039866915102,0.0549861765788602,0.00785820413977372,-0.0061311324106176,-0.0477828298581254,0.00425529788851054,0.201291067791004
"209",-0.00103541486207043,-0.00176303017309585,-0.0176909306321965,-0.00474596395467888,-0.004098560490462,-0.0140374061559156,-0.0104976028145557,-0.352463858350319
"212",-4.41678832229508e-05,0.000739099266982689,0.00460472361353462,0.00246798389102666,-0.00113364053593285,0.0085613346559309,-0.00459774340311732,0.0634076541850412
"216",-0.00764684129750101,0.00428803129118847,-0.0516862295599186,-0.000415041292138054,-0.00490333948129394,0.00140778727202828,0.00696357986501504,0.0835546128395743
"217",0.000148669428651094,-0.000348050949229744,-0.00179500037422699,-0.00195978697188089,-0.000592428254922424,-0.00664475537761985,0.00202359043476996,0.113191480153177
"218",-0.00198997424668566,-0.00826302922588112,-0.0375907164494228,-0.00589704899869534,-0.00481752622761211,-0.0135213427643315,-0.0106215250046559,-0.322515667971933
"220",-0.00128223516836019,-0.000202706269354702,0.0345466655271618,0.000364364719439808,0.00617301462721218,0.00393611333907751,-0.00307512553434399,-0.0324483589576432
"221",9.1754539940442e-05,-0.000304362827402535,-0.00437278361211244,-0.00121528232732199,-0.00108812647935913,-0.00414747922144082,-0.00126690918614543,-0.0413912184540341
"222",2.18459811248527e-05,-0.000608857121504802,0.00568748823738436,-0.000152353566815207,-0.00266808243845627,-0.00254515466420278,-0.00182480763822764,0.0499156146556366
"232",-0.000286484395267227,-0.000806593009551523,-0.00570915037362124,-0.00210930616920978,-0.00172880326720418,-0.00570986297791686,-0.00837376929239528,-0.197500917417129
"233",2.51070559630013e-05,0.000348617663575144,-0.00566036291366621,-0.00214940112614759,-0.000340964444324933,-0.000286558381272814,0.000776081102666109,0.0171623783691552
"236",0.000664670493676079,-0.000753070624759733,-0.00456524205560428,-0.00104700189984109,0.000178717296281174,-0.00455390641069777,-0.00227881928765035,-0.161701994411162
"238",6.47916275287381e-05,-0.000808826216039118,-0.0232722667326548,-0.00493386464713379,-0.000891706148631654,-0.0160916776160191,-0.00107543208657197,-0.111163346046779
"240",-0.000631643975575991,0.000698475954565284,0.017752258131576,0.00407902567074319,0.00381905134061144,0.0178169921259735,0.00110048613863896,0.0330311499466974
"244",-4.70734728388772e-05,-0.000373517762021974,0.000632692191146575,-0.000890365353029744,-0.00108413620520678,-0.00512785452999995,-0.00343461129739614,-0.118638967164352
"246",0.0036669225187453,0.000782988691794215,0.0330609671104591,0.00189369940512246,0.00266997209100289,0.0125199046110775,0.0103946329421552,0.157025198840773
"248",-2.27892670399922e-06,-0.000170617996904695,-0.00484826000611856,-0.000166823777349501,0.00109025814348953,0.00337695279623191,-0.00217464568502308,-0.123649774867998
"258",-0.00106069387466166,0.000296509372574669,-0.0195425817681565,-0.00142496587013264,-0.00144162210165068,-0.00455276816166093,-0.00702606767308582,-0.264881920357512
"260",0.000965515761692123,0.00313297721885758,0.00302186100367006,0.0016408704232696,0.00152261901684313,0.00216602579517681,0.00961719386381312,0.269590756355883
"264",-3.11780686507665e-05,-0.00123434404562433,-0.00106639048724933,-0.0033401083877568,-0.00111409672953027,-0.00167760985417278,-0.00216902176831426,0.130931990024275
"266",7.44598056363118e-05,0.000345320973481154,-0.00910119713471972,-0.00110238043076092,0.00640338684921094,0.00336229718525436,-0.00475509012270952,-0.0838969569750154
"267",-0.000164893702692006,-0.00069032516137805,-0.0139971906853393,-0.00287248265681793,-0.00187010375054913,-0.0066042178974337,-0.00214554872549595,-0.140772639497268
"268",0.00578342361328489,0.00325922218902715,0.0323828053672635,0.00830109509045721,0.00527320069896806,0.0173622904029414,0.00388035063839052,-0.0576371423023457
"273",-0.000421020259061973,0.000446623601996144,0.0391287585138606,-0.000979242226431904,0.00103930630084546,0.00213528651805854,0.00110796587182155,0.171259915166465
"274",0.000286275302142089,0.0010878524067093,0.0136253683651051,0.00425411632632617,0.00261710328239853,0.0133645817115214,0.00833150060958057,0.126194384296588
"276",0.00369978222086035,-0.000519051814376361,-0.034652149269019,-0.00172054222296703,-0.00435705720459001,-0.00756507434915728,-0.00349090965088203,0.0053439027857038
"277",0.000807966297617969,0.000568924777970591,-0.00128266923147527,0.00211353216611437,0.00366157160390865,-0.000586974607921388,-0.00215560993824276,0.00559179241511918
"278",0.00012900582952953,-0.000350634234839443,-0.0203746738031599,-0.00114915712387299,-2.13030854260464e-05,0.00184633207634256,0.00595323561210694,0.167712797607715
"280",0.00143435552481679,0.00150841067175898,-0.00286981549297959,0.000327641227822607,0.00400336229706927,0.00559497363388668,0.00702952671574955,0.254991770322359
"284",-1.75859819995039e-05,0.00037245808092331,0.0023674909566608,-0.000332984370912106,-0.00122214256688137,0.00196271549148978,0.00173770431131969,0.166769973380956
"288",-0.00177129989030096,0.00300723371765785,-0.0546598441754382,-0.0017531098386887,-0.000716674508879307,0.0300551404010265,0.00239853635688113,0.627249234477181
"290",0.00137460095916303,0.000941623851829241,0.0121152034023409,0.00143170673441802,0.000162868543381189,0.00180515227001948,0.00223862407876431,-0.0287973180880864
"292",-0.000231846154551454,-0.000886819042149623,-0.00397515723256426,-0.00247350390755628,-0.00149706444118128,-0.00570917780321883,-0.00558954828974944,-0.130907186175791
"294",0.00185004849003438,0.00126959491637515,-0.0270237397146672,-0.00633628062743574,-0.00402946635816682,-0.00994426583314053,-0.00291701850729128,0.241461065226094
"296",0.00014630242212681,0.000437262125394982,0.0318998033988473,0.00294034480511504,0.000677125701715768,0.0182424273870918,0.00942073476186882,0.379708018128339
"297",-0.000423829750008244,-0.000910089570404251,0.00398074613283403,-0.00211503208732012,-0.00198464728714444,-0.00462674883043366,-0.0052671763869524,-0.00601381676358313
"298",0.00366875363927751,-0.00352572024009049,-0.0228557684934836,-0.00942586992445157,-0.00217483770161079,-0.0126603267036912,-0.00926038604363354,0.0380382678438776
"300",0.00251447811012015,0.00612113934740547,-0.018480374417063,-0.00540739636665857,0.000341078843297648,-0.00409315037707037,0.00509411587472621,0.729215266334484
"304",-2.65418561103991e-05,-0.000252931162870898,-0.00306121885942912,0.00392399940003788,-0.00217876177876283,0.00809582225016676,-0.00443834603965708,-0.289913813661811
"306",-0.000570989252937138,-0.000783814769264546,0.000487392086815462,-0.00205623573724091,-0.00166284715028464,-0.00273281372970584,-0.00763705191558176,-0.194099108866756
"308",0.000369510794825813,-0.000693596626809769,0.0169967526344821,0.000608406947063148,0.000897756178312215,0.00296169259421011,-0.00264191509626016,-0.0796326801253283
"309",0.00010501402834272,0.00227105516783634,0.00925212454330618,0.00319322926236966,0.000550545776179363,0.0170763631469186,0.0101494364919568,0.313313934016394
"310",-0.000111894325746572,0.00355712390230305,0.0233823234399202,0.013538509599453,0.0030896574626573,0.0264662582809898,0.00760165862456953,0.233871588375219
"312",0.00193071756669942,-0.00260205410106867,0.00579919579800888,-0.000256747226689128,-0.00065787021106681,-0.000854838892199165,0.0020075948659705,-0.152404213047833
"314",-0.00203917911264509,-0.00422981397334902,-0.0121232786454298,-0.00415216679007926,-0.00246500007655202,-0.0125240888141606,-0.0107530484369893,-0.004273392696053
"316",-0.000172825907487604,-0.000554607865148371,-0.00912600170525951,-0.00106149331336117,-0.000711038754188669,-0.00304960114866342,-0.00321695250966484,-0.119036691872698
"318",0.000393538225228963,0.00647522194462969,0.0154599317665131,0.00950250280833022,0.00903028938992843,0.00159684509509714,0.026398852933833,0.63143589927065
"320",-0.000288307872277026,-0.000463582686507466,-0.0096597478519427,-0.00167824528655683,-0.00110383846823816,-0.00480482974429107,-0.00299545591555548,-0.129807991328321
"324",0.000463513347542013,0.00141803038087709,0.0131048476471083,0.00188129753782902,0.00294704279741469,0.00617910649090577,0.0106076429913253,0.451929683921548
"330",-0.00145470244289424,-0.00044644454554394,-0.0259114262012979,-0.00621610606682668,-0.00303107453493998,-0.0102172794612681,-0.00844802358050154,-0.322098436549181
"332",-0.00137241682281796,0.00143465072855856,-0.00189746009958313,-0.00356737095612376,-0.000305259475705027,-0.0038642265171702,0.00656082589892336,0.355299432007323
"336",-0.00103107614258687,-0.00100634683825813,-0.0133312681375112,-0.00534481990480969,-0.00658852323644391,-0.00424881977607892,0.000846335615091102,0.0596025385117973
"338",-0.000512790934133969,-0.000306517122847417,0.00205802672426672,-0.00210586514629521,-0.000925072524825321,-0.00622331729395018,-0.00437243671166502,-0.0805194140202222
"339",-0.000369943655544829,-0.000896539212986704,-0.0079794926183502,-0.00299146248695529,-0.00145592722690309,-0.00747781178741986,-0.00857272804194104,-0.250419790425716
"340",-0.00218898728083792,6.80193983219764e-05,-0.023080603528864,0.000705368858316985,-0.00033186122704094,-0.00446464721030997,0.00120025989937847,-0.0603524248182555
"346",-0.000201099555558964,-0.000560488482286779,-0.00167580215173398,-0.0006516196623784,-0.003255986343169,-0.00810973759707648,0.00383414372740677,0.0947053934278656
"348",-0.00240312266150544,-0.00390404823726005,0.0221420200380779,-0.00180383826048376,-0.0107016252764037,0.00686097569007023,0.00572699553625878,0.694310263647251
"350",-0.00118910796280113,0.0107478476128204,0.0364262860701796,0.00416916673835801,0.0105178722933829,0.0232048588691404,-0.00244001612129373,-0.00521657060878328
"352",-0.000320066180019259,0.00027636189976973,-0.000339566586670973,0.00349850867710491,-0.00208640819208934,0.00969085102271014,0.0030540240661716,-0.06925870586123
"356",0.00193706669490972,0.00716906097888007,0.0285678290534155,0.0152751441585072,0.0123953338110954,0.041273226011205,0.0070587916018892,-0.0285953300343205
"357",-0.000393840585811443,-0.00163392427544357,-0.0172397247163767,-0.00315338018588927,-0.00610418818448455,-0.0185659204191905,-0.0123844340253281,-0.509567342925349
"358",-0.000125723393654572,-0.000153769878487038,-0.00464887869024622,-0.00188585428110004,-0.000582533649714422,-0.00384912530825783,0.00141376204695261,-0.0139288106032347
"359",-2.03846244610307e-05,-0.000323158708970459,-0.00241236254960563,-0.00113410136562664,-0.000688276399134847,-0.00242451905401811,-0.00574718003828536,-0.180083024557037
"360",0.000892500063534374,-0.000636387946035557,-0.00851334270465086,-0.00407496049562744,-0.00396831283013083,-0.00960018236672408,-0.00702666512576655,-0.183908462461577
"362",-1.70685928814264e-05,-0.0005878085887417,-0.00477848920312039,-0.00197627558961828,-0.00129590382988115,-0.00348829734205807,-0.00553721953895255,-0.296893228869389
"365",-0.000751029248964714,-0.00105626091468136,-0.00261504961121888,-0.00348604625372395,-0.00116111785965208,-0.0119033639505699,-0.00177969762829096,0.0575572892550939
"366",0.000752042469594719,0.000838431169562381,0.0113718540731534,0.00267855906890611,0.00191804513275566,0.0052552549329163,0.00554061463440174,0.178809645385841
"368",0.00150373479907992,-0.00264747627601124,-0.02084316206824,-0.00275937536222515,0.00249654681334969,-0.00574872841510023,0.0082467828128338,0.234326830623837
"370",0.00211385244157426,0.0005593556408163,-0.0411398587869271,-0.00278904613434385,0.0010061116444333,0.000172865284626137,0.00803185415225052,0.733128014704739
"372",-0.000247611508528135,0.00026951738621208,-0.000744683316124294,0.000975873627748254,0.00049707773104287,0.00106499215803702,0.0144454226301787,0.387254639384052
"376",0.00227498602628851,0.000338925189694285,-0.00124004065165616,0.00549615451814007,-0.000353651314959313,0.0081615589304461,-0.00306801826732913,-0.0468143837493368
"378",-0.00195356255179924,-0.00175980730500314,-0.0332010822524708,-0.00136190507009064,-0.0035021192129033,-0.00316781879923099,-0.0137817832518222,-0.213553023288434
"380",-0.00137306451722912,0.00364877171130643,0.0292323427246234,0.00308107709368931,-0.000525008952194487,-0.00303171068486335,0.0116541165725508,0.384688708507385
"382",0.000782703550967485,0.00315477216434703,0.00341062830817103,-0.00133112576641708,0.00216624422582457,0.00858921360024286,0.00363381755479526,0.281776860288079
"384",0.00218219411294406,0.000126688398522373,0.0127890721113649,0.0010231408934663,0.00142787112441943,0.00262649990399903,0.00979468612481481,-0.0561914808288397
"390",-0.000986210939783898,-0.000118862090935654,-0.0105721991741796,-0.00317573053449869,-0.00224032982127487,-0.00855469685696299,-0.00659881078575872,-0.261095989866955
"393",7.85482913579938e-05,8.91047324808662e-05,0.00198773415713992,0.00116904368859122,-0.000117423728992345,-0.000377703588360009,-0.00171311249843462,-0.104438976088095
"394",1.82788860690125e-05,3.49889423197582e-05,0.00746751992991877,-0.000275805524326226,0.000290497302234187,0.00171289442652101,-0.00125725057628863,0.0399881138055127
"396",0.000840253353088241,-0.00209169827290039,-0.0202088539090342,-0.00167030068937958,-0.00130545029786632,-0.0133036261927861,0.00470764391090336,0.34596010096923
"400",0.00072139867788968,0.000718681587244252,-0.0228682571503403,-0.00322748686977385,-0.00263497796176137,0.00164284363895025,0.00342613887226558,-0.359901403308324
"404",9.81187844102373e-05,-0.000224205216910802,-0.019297916245181,-0.00293380495313815,0.000676498835207276,-0.0119684726751544,0.00214431682470664,0.0946121784754315
"406",0.00338166699311831,0.0019840946369643,-0.0274165668529959,-0.00166430339950134,0.00686733528370637,0.000287798597658836,0.0192811329338668,0.46592465281328
"408",-0.00861546579351158,-0.000441006619083947,0.0067188118430154,0.0183981416337155,0.00461926336931016,0.0540041734953109,0.00712779094190277,-0.0471534614979119
"412",0.00274243147876711,0.00247660621173694,0.0070265440254723,0.008567132944177,0.00537666285013135,0.0111214507996498,0.0132875386258941,0.379648462236521
"416",-0.00114807573198492,-0.00219341598964011,-0.0626991667842763,-0.0129422567301567,-0.00633764417658849,-0.0308435522407283,0.00795996091754724,0.308391024703342
"420",-0.00165201511115549,-0.00108627726243364,0.0179138657676273,-0.00437524357936703,-0.00421061416787808,-0.00387351852468688,-0.0117135461669248,-0.34078305467281
"422",-0.0027477931836249,0.00032010408176026,-0.0649583483601365,-0.0111659785228075,-0.00554035886038547,-0.0153627500626034,0.0206881221853381,0.685913138504479
"423",-8.10247646830409e-05,-0.000151768570898932,-0.00229220778016355,-0.000792570277705174,-0.00127317550566712,-0.00315408087336205,-0.00195354587174167,-0.048616663810026
"424",-0.000217394281268613,-0.000484164944641826,-0.00258114353564454,-0.00238019516596197,-0.00182356209021627,-0.00448055237958678,-0.00530988146497838,-0.0121617150014426
"425",0.000437076982297543,0.000852227600735087,0.00437069535083567,0.00147154380917806,0.00213377851308222,0.00525581784564141,0.00395747983572475,-0.00189020449609526
"426",0.00029146585198486,-0.000181893054377059,0.0186106445878763,-0.00177499216408381,0.00302457277334152,0.0122969500948252,-0.000554750197707346,-0.0337448846489133
"427",-0.000853405224068937,0.00198405603428166,-0.0105292819300535,0.0024194690423052,-0.00119946227137454,0.00561170302366036,-0.00530738253826374,-0.102782807226759
"428",-0.00303741767550838,0.000493028230720552,0.0571969119823985,0.000274650468207959,-0.00884334939901933,-0.0240932104039826,0.0142207697558928,0.397363961301263
"430",-0.000708395694420259,-0.00374472967857675,-0.0173486157654192,-0.00647259103981494,0.000657131788761252,-0.00215349594591196,-0.00375564802369198,-0.14528327777124
"438",-0.00159736850108202,2.2093884132126e-05,-0.00318419979291186,-0.00383958590677652,-0.00218580616590399,-0.0086079794740647,-0.0116381683683335,-0.378697520803283
"440",0.000305492413239802,-0.00283991683204779,0.0397712556429221,-0.00182568825569696,-0.00255407665163856,-0.0118435548308716,-0.0043190001687363,-0.302252099075673
"444",0.00192904900652538,0.000377639004589028,0.0244135636413355,0.00494990618632392,0.00526727605923095,0.0142815482850115,0.00488937780331396,0.132721154398071
"446",-2.44631369424064e-05,0.000112434450512685,0.00117787790364743,0.000738208692169431,-0.000442597078175707,-0.00098338312162133,0.00082435159251001,0.0835426800511354
"448",6.16161859335612e-05,2.72507748595252e-05,-0.00110831266770817,-0.00229914487159917,-0.000487589416973903,-0.00445509215274758,0.00397277247693084,0.0325925528828413
"450",-0.00260338424085892,-0.0102069129617393,-0.0187985418498438,-0.00874016802708879,0.00053509591505892,-0.0136229412288547,0.001453256409249,0.427659452624859
"452",0.000771530557321041,7.15984146913145e-05,0.0239780529153797,0.00220285782524486,0.00350755551831799,0.00301795777134698,0.00246405854929064,-0.043445760844509
"454",8.65418484194351e-05,-0.000194128882803723,-0.00281809036430469,-0.00064776131073753,-0.000395171537806395,-0.00441331374420562,0.00199786054232722,0.0932790303672909
"456",0.000659903339349095,-0.00376512249196136,-0.00670935428289965,-0.0024442028463122,-0.000987933152163431,-0.00705816487485064,-0.0029333779740727,-0.189987934896105
"458",-0.00038952528447444,-0.000621807808497859,-0.00405018815112166,-0.00215052541586948,-0.00167841898877255,-0.0104788363855053,-0.00378370948372787,-0.0603270220849589
"462",-0.000329744668930021,-0.000292603901849929,-0.0105089266776005,-0.00373785824184006,-0.00183232646481915,-0.00655367909249425,-0.0102854882926647,-0.375826677351129
"464",-0.00202372600309289,0.0019958285426565,-0.0392127791544709,-0.00163625392412076,0.00188564361018148,0.0119665672867211,0.00108767784831256,-0.0511552181747591
"466",-0.000738150147725317,0.000459507971831678,0.0240468882427068,0.00304895506666438,0.00234815921472981,0.00909910182940482,0.0023907950388659,-0.0309085128020345
"468",0.00569222801843404,-0.00183006176384823,0.0365352499751053,0.00516681511076342,-0.000742917107217003,0.00807109873027839,-0.00335388350650899,-0.0719610841041725
"470",-0.000232914099597122,-7.57765150268856e-05,-0.000281402760719201,-0.00077556221109502,-0.000818821017693607,-0.000301004218922857,-0.00217200265768184,-0.198176790461143
"472",-0.00389468916083099,0.00188171007591783,0.0302938229806182,0.00271535412232984,0.00875848052047059,0.0153572221065384,0.0213859402106937,0.289004672511676
"474",-0.00129698661256177,-0.00147133876647409,-0.0245677281312235,-0.00526213757130359,-0.00465408351095982,-0.00670238262953819,-0.00522400899028556,-0.142958513157948
"476",0.00310178143053398,0.00205770315016883,0.0229627459481137,0.0020677029478281,0.00201921053273758,-0.00420338372313789,0.014067400995479,0.105888651256429
"482",0.000726098433398465,-0.00294595815786949,0.00899034210359662,-0.00314687939053339,0.000455390419741113,-0.00648424599636258,-0.00298685054144378,0.0186097315850427
"488",0.00663749396174929,0.00188132098917781,0.0273774299090189,0.0306914135178478,0.0228418801494481,0.0466930225440687,0.0137391128816405,-0.043041990679276
"496",-0.000353251368055481,-0.000778925263668695,-0.0171433536789831,0.00677568615687754,-4.27388845364881e-05,-0.00697873489804494,0.0030102491317965,0.104031752801768
"500",0.00385179749556092,-0.000259285278035483,-0.0459907949501491,-0.00859691234852842,-0.0013586774917232,-0.00432145157888359,-0.00284555626530694,0.0448151661712351
"512",-0.000856031688204074,-0.00163119243154991,-0.0192588158438792,-0.00514776251092315,-0.00335106670262357,-0.0118471797732816,-0.0111441035626408,-0.351230664404889
"515",-0.000151653514740768,0.000188121116296126,0.00206539808029522,-0.00368157810324055,0.000673366449283106,-0.0133311804435794,-0.00151462846246459,0.178719727459698
"518",0.000157981626340538,0.00147128972841992,0.0278192195718283,0.00911736880043603,0.00118776238452138,0.0179591817699967,0.0035771300386141,-0.124614144800505
"520",0.000475495930060447,-0.00118751722841882,-0.0112274397318056,-0.00385508925676139,-0.00234970001972759,-0.0117953839396284,-0.00205639302537305,-0.0742085190541973
"521",-0.00233682447687584,-0.000257355088385709,-0.0258341118944708,-0.0030882871287817,-0.0027347097966822,-0.00670642355466875,-0.00647875923023295,-0.243996419603367
"522",-0.000131197657054154,-0.00014033311899246,-0.00722869914905544,-0.00297948414936489,-0.00124283311737244,-0.00594628683643691,-0.00153769330151514,-0.127603200538566
"524",0.000618983649778498,-0.000210927583517034,0.0120985391104984,0.00128680379353636,0.00038982989690056,0.0032360610574594,0.00586383799405427,0.0703737129467874
"525",5.63870080781404e-05,-0.000174439738878546,-0.00109820316431684,-0.000597031068648339,-0.00026447645620245,-0.00122128123148918,0.000219885262643015,0.00347449867081509
"532",-0.000301739421876759,-0.00155588959977762,-0.0102901229894645,-0.00282652578184179,-0.00173120639816656,-0.00813107651160057,-0.00597555056254756,-0.178647644968427
"533",0.000521242921951803,0.000170004694745884,0.0222204019824805,-0.0039996077294998,0.00356031566774022,-0.00813509576671312,-0.00255414462177738,0.268043974402706
"534",0.000486382809320521,-0.000743146983634697,0.0226007025311636,0.0054265562869189,0.00260814746951231,0.0148694986252232,0.00142642623074111,0.0555671075474865
"536",0.000468596974822447,-0.000187186541750008,0.00607789112559817,-0.000532503248002501,0.0017286038566489,-0.00594690038593855,-0.0029095584726976,-0.128131589034503
"538",0.00368217280922509,0.000660770218653211,0.0171299009491453,-0.00122215676605473,0.000436651140617678,-0.000635432718524303,-0.0040876472037582,-0.198835546120486
"540",0.00152187299514666,0.0020348646905036,0.0219055487353715,0.00055465750285615,-4.35336661845026e-05,0.0048995027957831,0.00826256947368687,0.318520582299847
"544",-6.29535651278617e-05,-0.00010218613245983,-0.00255257605139827,-0.001065817229772,-0.00104993656567144,-0.00253577127446693,-0.00680449674679607,-0.0935966553994548
"545",-0.00205378162584093,0.000410132938521019,0.0118696116437938,0.0013169469423924,-0.000272471235301728,0.00159295594863239,0.0122791644695764,0.187268242483419
"546",-0.00065796086424527,-0.000547441784798269,0.00290874399362175,-0.00251534647193304,-0.000616204867185675,-0.0101472195876206,0.00393360426387761,0.231307919349295
"548",-0.00640934821170279,-0.010516831552851,0.0632709800782238,0.0126233733058827,-0.01145700905704,-0.00641631601407376,0.00140326778243067,0.135902344003131
"554",-0.000699266653270239,0.00112388694999486,0.00163148198993943,-6.51026278097774e-05,-0.00305955913656809,0.00679075456086129,-0.0134075045777233,-0.323302615005057
"556",0.00102156007800354,-0.000615107414683333,0.0061341444429717,0.00810856103986841,0.00588625892273784,0.0380084765407352,0.000743091628378173,-0.0302363125462065
"558",-0.000207276754431315,0.00211556695594176,-0.00777346362174274,-0.00173465933761595,-0.000694636668771122,-0.00340747085870597,-0.00141651830684589,-0.0438944285420509
"566",-8.68237674954818e-06,-0.000428164939106355,0.0278577272828884,-0.00487639974403779,-0.00254271821361423,-0.0034944826315793,-0.00160734818768225,0.166485419282378
